"","sa3","name","earners","age","tot.income","med.income","av.income","sa3_1","State","Capital","origin","destination","dist_num","dist_txt","time_secs","time_mins","time_hours","time_txt","return_stat","status","error_message"
"1",10102,"Queanbeyan",31945,42,1901877963,51858,59536.0138675849,1,"NSW","Sydney","Queanbeyan NSW 2620, Australia","Sydney NSW, Australia",289.65,"290 km",10907,181.78,3.03,"3 hours 2 mins","OK","OK",""
"2",10103,"Snowy Mountains",10155,46,438208380,35884,43151.9822747415,1,"NSW","Sydney","Snowy Mountains, Kosciuszko National Park NSW 2627, Australia","Sydney NSW, Australia",492.49,"492 km",19232,320.53,5.34,"5 hours 21 mins","OK","OK",""
"3",10104,"South Coast",36044,50,1377225262,30908,38209.5567084674,1,"NSW","Sydney","South Coast, NSW, Australia","Sydney NSW, Australia",484.43,"484 km",18896,314.93,5.25,"5 hours 15 mins","OK","OK",""
"4",10105,"Goulburn - Mulwaree",17419,45,781081596,38269,44840.7828233538,1,"NSW","Sydney","Goulburn Mulwaree, NSW, Australia","Sydney NSW, Australia",209.32,"209 km",8159,135.98,2.27,"2 hours 16 mins","OK","OK",""
"5",10106,"Young - Yass",18574,45,910140382,39489,49000.7743081727,1,"NSW","Sydney","Young NSW 2594, Australia","Sydney NSW, Australia",374.02,"374 km",14262,237.7,3.96,"3 hours 58 mins","OK","OK",""
"6",10201,"Gosford",88746,45,4290439095,38189,48345.1546548577,1,"NSW","Sydney","Gosford NSW 2250, Australia","Sydney NSW, Australia",75.78,"75.8 km",3953,65.88,1.1,"1 hour 6 mins","OK","OK",""
"7",10202,"Wyong",73471,42,3194271659,37082,43476.6323991779,1,"NSW","Sydney","Wyong NSW 2259, Australia","Sydney NSW, Australia",94.19,"94.2 km",4552,75.87,1.26,"1 hour 16 mins","OK","OK",""
"8",10301,"Bathurst",22830,43,1096994692,40497,48050.5778361805,1,"NSW","Sydney","Bathurst NSW 2795, Australia","Sydney NSW, Australia",200.14,"200 km",10296,171.6,2.86,"2 hours 52 mins","OK","OK",""
"9",10302,"Lachlan Valley",27967,46,1212688121,34752,43361.3945364179,1,"NSW","Sydney","Lachlan Valley Way, New South Wales, Australia","Sydney NSW, Australia",304.87,"305 km",11278,187.97,3.13,"3 hours 8 mins","OK","OK",""
"10",10303,"Lithgow - Mudgee",21463,45,1037363504,37354,48332.6424078647,1,"NSW","Sydney","Lithgow NSW 2790, Australia","Sydney NSW, Australia",140.93,"141 km",7395,123.25,2.05,"2 hours 3 mins","OK","OK",""
"11",10304,"Orange",28974,43,1436278066,41241,49571.2730724097,1,"NSW","Sydney","Orange NSW 2800, Australia","Sydney NSW, Australia",254.38,"254 km",12868,214.47,3.57,"3 hours 34 mins","OK","OK",""
"12",10401,"Clarence Valley",23535,48,835613303,29412,35505.1329084342,1,"NSW","Sydney","Clarence Valley, NSW, Australia","Sydney NSW, Australia",656.3,"656 km",26645,444.08,7.4,"7 hours 24 mins","OK","OK",""
"13",10402,"Coffs Harbour",43053,46,1694702610,31848,39363.1712075814,1,"NSW","Sydney","Coffs Harbour NSW 2450, Australia","Sydney NSW, Australia",525.01,"525 km",20003,333.38,5.56,"5 hours 33 mins","OK","OK",""
"14",10501,"Bourke - Cobar - Coonamble",11726,44,569350124,38522,48554.5048609927,1,"NSW","Sydney","Bourke NSW 2840, Australia","Sydney NSW, Australia",758.21,"758 km",31719,528.65,8.81,"8 hours 49 mins","OK","OK",""
"15",10502,"Broken Hill and Far West",9146,44,425422166,38238,46514.560026241,1,"NSW","Sydney","Broken Hill NSW 2880, Australia","Sydney NSW, Australia",1143.34,"1,143 km",46256,770.93,12.85,"12 hours 51 mins","OK","OK",""
"16",10503,"Dubbo",33974,44,1500392990,37539,44162.977276741,1,"NSW","Sydney","Dubbo NSW 2830, Australia","Sydney NSW, Australia",387.88,"388 km",17984,299.73,5,"5 hours 0 mins","OK","OK",""
"17",10601,"Lower Hunter",41401,42,2201870036,40819,53183.9819328036,1,"NSW","Sydney","Hunter Region, NSW, Australia","Sydney NSW, Australia",242.57,"243 km",11725,195.42,3.26,"3 hours 15 mins","OK","OK",""
"18",10602,"Maitland",34507,41,1852972214,43752,53698.4441997276,1,"NSW","Sydney","Maitland NSW 2320, Australia","Sydney NSW, Australia",165.42,"165 km",7178,119.63,1.99,"2 hours 0 mins","OK","OK",""
"19",10603,"Port Stephens",35292,45,1600969293,36084,45363.5184461068,1,"NSW","Sydney","Port Stephens, NSW, Australia","Sydney NSW, Australia",176.9,"177 km",7659,127.65,2.13,"2 hours 8 mins","OK","OK",""
"20",10604,"Upper Hunter",15650,42,854083966,41976,54574.0553354633,1,"NSW","Sydney","Upper Hunter, NSW, Australia","Sydney NSW, Australia",297.58,"298 km",13178,219.63,3.66,"3 hours 40 mins","OK","OK",""
"21",10701,"Dapto - Port Kembla",34993,42,1690381683,40112,48306.2807704398,1,"NSW","Sydney","Dapto NSW 2530, Australia","Sydney NSW, Australia",105.71,"106 km",5237,87.28,1.45,"1 hour 27 mins","OK","OK",""
"22",10703,"Kiama - Shellharbour",43924,43,2145014150,40022,48834.6723886713,1,"NSW","Sydney","Kiama NSW 2533, Australia","Sydney NSW, Australia",131.34,"131 km",6393,106.55,1.78,"1 hour 47 mins","OK","OK",""
"23",10704,"Wollongong",63751,42,3397941810,42062,53300.2119182444,1,"NSW","Sydney","Wollongong NSW 2500, Australia","Sydney NSW, Australia",95.23,"95.2 km",5002,83.37,1.39,"1 hour 23 mins","OK","OK",""
"24",10801,"Great Lakes",14372,50,524377846,28174,36486.0733370443,1,"NSW","Sydney","Great Lakes, NSW, Australia","Sydney NSW, Australia",244.74,"245 km",10214,170.23,2.84,"2 hours 50 mins","OK","OK",""
"25",10802,"Kempsey - Nambucca",20606,49,719581775,28748,34920.9829661264,1,"NSW","Sydney","Kempsey NSW 2440, Australia","Sydney NSW, Australia",422.28,"422 km",16461,274.35,4.57,"4 hours 34 mins","OK","OK",""
"26",10803,"Lord Howe Island",250,48,10403825,34037,41615.3,1,"NSW","Sydney","Lord Howe Island, New South Wales, Australia","Sydney NSW, Australia",NA,NA,NA,NA,NA,NA,"ZERO_RESULTS","OK",""
"27",10804,"Port Macquarie",37695,48,1505388533,31857,39936.0268735907,1,"NSW","Sydney","Port Macquarie NSW 2444, Australia","Sydney NSW, Australia",384.14,"384 km",15042,250.7,4.18,"4 hours 11 mins","OK","OK",""
"28",10805,"Taree - Gloucester",24295,48,919507355,31331,37847.5964190163,1,"NSW","Sydney","32-34 Church St, Gloucester NSW 2422, Australia","Sydney NSW, Australia",264.14,"264 km",11496,191.6,3.19,"3 hours 12 mins","OK","OK",""
"29",10901,"Albury",32265,43,1507047121,39127,46708.4184410352,1,"NSW","Sydney","Albury NSW 2640, Australia","Sydney NSW, Australia",553.41,"553 km",19908,331.8,5.53,"5 hours 32 mins","OK","OK",""
"30",10902,"Lower Murray",6207,47,243606272,33148,39247.0230385049,1,"NSW","Sydney","Murray River, Australia","Sydney NSW, Australia",852.53,"853 km",32915,548.58,9.14,"9 hours 9 mins","OK","OK",""
"31",10903,"Upper Murray exc. Albury",22187,47,890030852,33284,40114.9705683508,1,"NSW","Sydney","681 Young St, Albury NSW 2640, Australia","Sydney NSW, Australia",552.25,"552 km",19776,329.6,5.49,"5 hours 30 mins","OK","OK",""
"32",11001,"Armidale",18986,45,789440749,34386,41580.1511113452,1,"NSW","Sydney","Armidale NSW 2350, Australia","Sydney NSW, Australia",475.58,"476 km",20630,343.83,5.73,"5 hours 44 mins","OK","OK",""
"33",11002,"Inverell - Tenterfield",18004,47,608730223,29596,33810.8322039547,1,"NSW","Sydney","215 Byron St, Inverell NSW 2360, Australia","Sydney NSW, Australia",570.75,"571 km",24282,404.7,6.75,"6 hours 45 mins","OK","OK",""
"34",11003,"Moree - Narrabri",13739,43,635240672,38230,46236.3106485188,1,"NSW","Sydney","Moree NSW 2400, Australia","Sydney NSW, Australia",626.05,"626 km",25712,428.53,7.14,"7 hours 9 mins","OK","OK",""
"35",11004,"Tamworth - Gunnedah",39762,44,1724356425,36897,43366.9439414516,1,"NSW","Sydney","Tamworth NSW 2340, Australia","Sydney NSW, Australia",405.04,"405 km",17103,285.05,4.75,"4 hours 45 mins","OK","OK",""
"36",11101,"Lake Macquarie - East",64179,43,3316260460,41128,51672.0494242665,1,"NSW","Sydney","Lake Macquarie, NSW, Australia","Sydney NSW, Australia",129.52,"130 km",6140,102.33,1.71,"1 hour 42 mins","OK","OK",""
"37",11102,"Lake Macquarie - West",36480,44,1743375799,38973,47789.9067708333,1,"NSW","Sydney","Lake Macquarie, NSW, Australia","Sydney NSW, Australia",129.52,"130 km",6140,102.33,1.71,"1 hour 42 mins","OK","OK",""
"38",11103,"Newcastle",84370,40,4489723558,42666,53214.6919284106,1,"NSW","Sydney","Newcastle NSW, Australia","Sydney NSW, Australia",160.84,"161 km",7740,129,2.15,"2 hours 9 mins","OK","OK",""
"39",11201,"Richmond Valley - Coastal",41826,47,1674299868,30253,40030.1216468226,1,"NSW","Sydney","Richmond Valley, NSW, Australia","Sydney NSW, Australia",699.73,"700 km",27809,463.48,7.72,"7 hours 43 mins","OK","OK",""
"40",11202,"Richmond Valley - Hinterland",34575,46,1299590877,32679,37587.5886334056,1,"NSW","Sydney","Richmond Valley, NSW, Australia","Sydney NSW, Australia",699.73,"700 km",27809,463.48,7.72,"7 hours 43 mins","OK","OK",""
"41",11203,"Tweed Valley",42445,46,1708923011,32655,40262.0570385204,1,"NSW","Sydney","Tweed, NSW, Australia","Sydney NSW, Australia",807.32,"807 km",32291,538.18,8.97,"8 hours 58 mins","OK","OK",""
"42",11301,"Griffith - Murrumbidgee (West)",25804,43,1089281788,36113,42213.6795845605,1,"NSW","Sydney","Griffith NSW 2680, Australia","Sydney NSW, Australia",574.06,"574 km",22030,367.17,6.12,"6 hours 7 mins","OK","OK",""
"43",11302,"Tumut - Tumbarumba",7539,46,340074217,38441,45108.6638811513,1,"NSW","Sydney","Tumut NSW 2720, Australia","Sydney NSW, Australia",411.72,"412 km",15427,257.12,4.29,"4 hours 17 mins","OK","OK",""
"44",11303,"Wagga Wagga",48132,43,2265057370,39573,47059.2821823319,1,"NSW","Sydney","Wagga Wagga NSW 2650, Australia","Sydney NSW, Australia",459.17,"459 km",17141,285.68,4.76,"4 hours 46 mins","OK","OK",""
"45",11401,"Shoalhaven",45656,47,1859747680,32771,40733.9162432101,1,"NSW","Sydney","Shoalhaven, NSW, Australia","Sydney NSW, Australia",199.91,"200 km",9553,159.22,2.65,"2 hours 39 mins","OK","OK",""
"46",11402,"Southern Highlands",25011,48,1251752547,35634,50048.0807244812,1,"NSW","Sydney","Southern Highlands, NSW, Australia","Sydney NSW, Australia",133.82,"134 km",5308,88.47,1.47,"1 hour 28 mins","OK","OK",""
"47",11501,"Baulkham Hills",81024,44,5170032010,46633,63808.6494125197,1,"NSW","Sydney","Baulkham Hills NSW 2153, Australia","Sydney NSW, Australia",29.98,"30.0 km",1697,28.28,0.47,"28 mins","OK","OK",""
"48",11502,"Dural - Wisemans Ferry",15486,46,1091761898,41994,70499.9288389513,1,"NSW","Sydney","1237 Old Northern Rd, Dural NSW 2158, Australia","Sydney NSW, Australia",38.14,"38.1 km",2338,38.97,0.65,"39 mins","OK","OK",""
"49",11503,"Hawkesbury",14273,44,709949217,40563,49740.714425839,1,"NSW","Sydney","Hawkesbury, NSW, Australia","Sydney NSW, Australia",139.88,"140 km",9401,156.68,2.61,"2 hours 37 mins","OK","OK",""
"50",11504,"Rouse Hill - McGraths Hill",15436,41,897494751,47511,58142.9613241772,1,"NSW","Sydney","Mcgraths Hill NSW 2756, Australia","Sydney NSW, Australia",54.53,"54.5 km",3111,51.85,0.86,"52 mins","OK","OK",""
"51",11601,"Blacktown",65073,39,3013102775,42546,46303.4249996158,1,"NSW","Sydney","Blacktown NSW 2148, Australia","Sydney NSW, Australia",38.99,"39.0 km",2358,39.3,0.66,"39 mins","OK","OK",""
"52",11602,"Blacktown - North",40770,38,2218683366,48959,54419.5086092715,1,"NSW","Sydney","1 Bessemer St, Blacktown NSW 2148, Australia","Sydney NSW, Australia",40.41,"40.4 km",2126,35.43,0.59,"35 mins","OK","OK",""
"53",11603,"Mount Druitt",46040,38,2015042392,41746,43767.2109470026,1,"NSW","Sydney","Mount Druitt NSW 2770, Australia","Sydney NSW, Australia",42.07,"42.1 km",2745,45.75,0.76,"46 mins","OK","OK",""
"54",11701,"Botany",21563,39,1091577757,42936,50622.7221165886,1,"NSW","Sydney","Botany NSW 2019, Australia","Sydney NSW, Australia",12.23,"12.2 km",1156,19.27,0.32,"19 mins","OK","OK",""
"55",11702,"Marrickville - Sydenham - Petersham",29710,37,1708460288,46918,57504.5536183103,1,"NSW","Sydney","Sydenham NSW 2044, Australia","Sydney NSW, Australia",10.42,"10.4 km",1346,22.43,0.37,"22 mins","OK","OK",""
"56",11703,"Sydney Inner City",117932,32,7598344880,45040,64429.8823050572,1,"NSW","Sydney","Sydney NSW 2000, Australia","Sydney NSW, Australia",0,"1 m",0,0,0,"1 min","OK","OK",""
"57",11801,"Eastern Suburbs - North",80259,39,8292103294,53916,103316.803025206,1,"NSW","Sydney","Servicing all Blacktown, Hills District, North Shore, Eastern Suburbs, Ryde, Rooty Hill, Mount Druitt, Doonside, Seven Hills, Kings Langley, Marsden Park, Castle Hill, Rouse Hill, Bella Vista, Pennant Hills, Kellyville, Beaumont Hills, North Sydney, Waitara, Wahroonga, Turramurra, Chatswood, Roseville, Cremorne, Bondi, Double Bay, Dover Heights, Vaucluse, Coogee, Maroubra, Waverly, Bronte,, Merrylands NSW 2160, Australia","Sydney NSW, Australia",26.59,"26.6 km",2099,34.98,0.58,"35 mins","OK","OK",""
"58",11802,"Eastern Suburbs - South",75467,39,5028271378,47825,66628.7433977765,1,"NSW","Sydney","Eastern Suburbs, NSW, Australia","Sydney NSW, Australia",11.84,"11.8 km",1056,17.6,0.29,"18 mins","OK","OK",""
"59",11901,"Bankstown",74235,40,3321888126,38303,44748.2740755708,1,"NSW","Sydney","Bankstown NSW 2200, Australia","Sydney NSW, Australia",29.28,"29.3 km",1943,32.38,0.54,"32 mins","OK","OK",""
"60",11902,"Canterbury",60279,39,2532756171,34664,42017.2227641467,1,"NSW","Sydney","Canterbury NSW 2193, Australia","Sydney NSW, Australia",12.16,"12.2 km",1356,22.6,0.38,"23 mins","OK","OK",""
"61",11903,"Hurstville",66637,42,3465666294,39889,52008.138031424,1,"NSW","Sydney","Hurstville NSW 2220, Australia","Sydney NSW, Australia",26.15,"26.2 km",1853,30.88,0.51,"31 mins","OK","OK",""
"62",11904,"Kogarah - Rockdale",69936,39,3419396278,40063,48893.2206302906,1,"NSW","Sydney","Kogarah NSW 2217, Australia","Sydney NSW, Australia",18.16,"18.2 km",1421,23.68,0.39,"24 mins","OK","OK",""
"63",12001,"Canada Bay",43858,41,3023934740,50538,68948.3045282503,1,"NSW","Sydney","Canada Bay NSW 2046, Australia","Sydney NSW, Australia",11.07,"11.1 km",1169,19.48,0.32,"19 mins","OK","OK",""
"64",12002,"Leichhardt",32147,40,2773483068,60313,86275.0200018664,1,"NSW","Sydney","Leichhardt NSW 2040, Australia","Sydney NSW, Australia",6.68,"6.7 km",765,12.75,0.21,"13 mins","OK","OK",""
"65",12003,"Strathfield - Burwood - Ashfield",80809,38,4360486418,40325,53960.405623136,1,"NSW","Sydney","Ashfield NSW 2131, Australia","Sydney NSW, Australia",10.07,"10.1 km",1176,19.6,0.33,"20 mins","OK","OK",""
"66",12101,"Chatswood - Lane Cove",62560,42,5475900490,52437,87530.3786764706,1,"NSW","Sydney","Lane Cove NSW 2066, Australia","Sydney NSW, Australia",10.63,"10.6 km",925,15.42,0.26,"15 mins","OK","OK",""
"67",12102,"Hornsby",45613,43,2607120165,45245,57157.3929581479,1,"NSW","Sydney","Hornsby NSW 2077, Australia","Sydney NSW, Australia",26.87,"26.9 km",1997,33.28,0.55,"33 mins","OK","OK",""
"68",12103,"Ku-ring-gai",68897,48,6517728115,49719,94601.0438045198,1,"NSW","Sydney","Ku-Ring-Gai, NSW, Australia","Sydney NSW, Australia",20.45,"20.4 km",1279,21.32,0.36,"21 mins","OK","OK",""
"69",12104,"North Sydney - Mosman",60039,40,6455993738,61280,107530.001132597,1,"NSW","Sydney","North Sydney NSW 2060, Australia","Sydney NSW, Australia",5.39,"5.4 km",764,12.73,0.21,"13 mins","OK","OK",""
"70",12201,"Manly",27115,40,2396497177,49199,88382.7098285082,1,"NSW","Sydney","Manly NSW 2095, Australia","Sydney NSW, Australia",16.09,"16.1 km",1904,31.73,0.53,"32 mins","OK","OK",""
"71",12202,"Pittwater",36668,47,2595923363,43607,70795.3355241628,1,"NSW","Sydney","Pittwater, NSW, Australia","Sydney NSW, Australia",46.54,"46.5 km",3987,66.45,1.11,"1 hour 6 mins","OK","OK",""
"72",12203,"Warringah",87090,43,5551224627,44687,63741.2404064761,1,"NSW","Sydney","Warringah, NSW, Australia","Sydney NSW, Australia",35.59,"35.6 km",2643,44.05,0.73,"44 mins","OK","OK",""
"73",12301,"Camden",29223,39,1602262207,48158,54828.8063169421,1,"NSW","Sydney","Camden NSW 2570, Australia","Sydney NSW, Australia",67.31,"67.3 km",3486,58.1,0.97,"58 mins","OK","OK",""
"74",12302,"Campbelltown (NSW)",75383,40,3511552653,42606,46582.8191104095,1,"NSW","Sydney","Campbelltown NSW 2560, Australia","Sydney NSW, Australia",58.34,"58.3 km",3026,50.43,0.84,"50 mins","OK","OK",""
"75",12303,"Wollondilly",20398,42,1048897100,42807,51421.5658397882,1,"NSW","Sydney","Wollondilly, NSW, Australia","Sydney NSW, Australia",92.87,"92.9 km",5089,84.82,1.41,"1 hour 25 mins","OK","OK",""
"76",12401,"Blue Mountains",42521,46,2163645999,41231,50884.1748547776,1,"NSW","Sydney","Blue Mountains, New South Wales, Australia","Sydney NSW, Australia",62.3,"62.3 km",3533,58.88,0.98,"59 mins","OK","OK",""
"77",12403,"Penrith",69072,39,3498914218,45248,50656.0432302525,1,"NSW","Sydney","Penrith NSW 2750, Australia","Sydney NSW, Australia",54.29,"54.3 km",3469,57.82,0.96,"58 mins","OK","OK",""
"78",12404,"Richmond - Windsor",19035,40,911116631,41964,47865.3339112162,1,"NSW","Sydney","Windsor NSW 2756, Australia","Sydney NSW, Australia",55.82,"55.8 km",3177,52.95,0.88,"53 mins","OK","OK",""
"79",12405,"St Marys",27971,39,1297741551,43195,46395.9654999821,1,"NSW","Sydney","St Marys NSW 2760, Australia","Sydney NSW, Australia",56.12,"56.1 km",3062,51.03,0.85,"51 mins","OK","OK",""
"80",12501,"Auburn",35702,36,1478893933,34000,41423.2797322279,1,"NSW","Sydney","Auburn NSW 2144, Australia","Sydney NSW, Australia",22.71,"22.7 km",2152,35.87,0.6,"36 mins","OK","OK",""
"81",12502,"Carlingford",33104,43,1706672068,40488,51554.8594731754,1,"NSW","Sydney","Carlingford NSW 2118, Australia","Sydney NSW, Australia",26.66,"26.7 km",1571,26.18,0.44,"26 mins","OK","OK",""
"82",12503,"Merrylands - Guildford",62094,38,2663379421,37714,42892.7017264148,1,"NSW","Sydney","Guildford NSW 2161, Australia","Sydney NSW, Australia",25.49,"25.5 km",2248,37.47,0.62,"37 mins","OK","OK",""
"83",12504,"Parramatta",69752,36,3382792018,41793,48497.4196868907,1,"NSW","Sydney","Parramatta NSW 2150, Australia","Sydney NSW, Australia",25.57,"25.6 km",2085,34.75,0.58,"35 mins","OK","OK",""
"84",12601,"Pennant Hills - Epping",26912,46,1750418103,45042,65042.2897963734,1,"NSW","Sydney","Epping NSW 2121, Australia","Sydney NSW, Australia",22.79,"22.8 km",1396,23.27,0.39,"23 mins","OK","OK",""
"85",12602,"Ryde - Hunters Hill",69370,42,4400750542,44544,63438.814213637,1,"NSW","Sydney","Ryde Rd, Hunters Hill NSW 2110, Australia","Sydney NSW, Australia",9.85,"9.8 km",979,16.32,0.27,"16 mins","OK","OK",""
"86",12701,"Bringelly - Green Valley",38177,40,1755402267,40856,45980.6235953585,1,"NSW","Sydney","Green Valley NSW 2168, Australia","Sydney NSW, Australia",48.59,"48.6 km",2713,45.22,0.75,"45 mins","OK","OK",""
"87",12702,"Fairfield",78172,40,3264945829,37048,41766.1800772655,1,"NSW","Sydney","Fairfield NSW 2165, Australia","Sydney NSW, Australia",30.91,"30.9 km",2626,43.77,0.73,"44 mins","OK","OK",""
"88",12703,"Liverpool",49605,39,2394189869,43364,48265.091603669,1,"NSW","Sydney","Liverpool NSW 2170, Australia","Sydney NSW, Australia",40.5,"40.5 km",2387,39.78,0.66,"40 mins","OK","OK",""
"89",12801,"Cronulla - Miranda - Caringbah",64722,44,4043412939,45579,62473.5474645407,1,"NSW","Sydney","Miranda NSW 2228, Australia","Sydney NSW, Australia",27.61,"27.6 km",2243,37.38,0.62,"37 mins","OK","OK",""
"90",12802,"Sutherland - Menai - Heathcote",64941,43,3728429063,46252,57412.5600622103,1,"NSW","Sydney","Menai NSW 2234, Australia","Sydney NSW, Australia",35.62,"35.6 km",2132,35.53,0.59,"36 mins","OK","OK",""
"91",20101,"Ballarat",50737,42,2327242187,38689,45868.7385340087,2,"Vic","Melbourne","Ballarat VIC, Australia","Melbourne VIC, Australia",116.85,"117 km",5325,88.75,1.48,"1 hour 29 mins","OK","OK",""
"92",20102,"Creswick - Daylesford - Ballan",14221,47,611491553,35409,42999.1950636383,2,"Vic","Melbourne","Creswick VIC 3363, Australia","Melbourne VIC, Australia",121.4,"121 km",5374,89.57,1.49,"1 hour 30 mins","OK","OK",""
"93",20103,"Maryborough - Pyrenees",11357,47,405828575,30919,35733.7831293475,2,"Vic","Melbourne","Maryborough VIC 3465, Australia","Melbourne VIC, Australia",169.38,"169 km",7369,122.82,2.05,"2 hours 3 mins","OK","OK",""
"94",20201,"Bendigo",47138,42,2073452422,37866,43986.8560821418,2,"Vic","Melbourne","Bendigo VIC 3550, Australia","Melbourne VIC, Australia",152.55,"153 km",6521,108.68,1.81,"1 hour 49 mins","OK","OK",""
"95",20202,"Heathcote - Castlemaine - Kyneton",23077,47,1031017625,36015,44677.281492395,2,"Vic","Melbourne",NA,NA,NA,NA,NA,NA,NA,NA,NA,"CONNECTION_ERROR","URL was unreachable. Check your network connection."
"96",20203,"Loddon - Elmore",5659,49,205282687,30328,36275.4350591977,2,"Vic","Melbourne","Loddon, VIC, Australia","Melbourne VIC, Australia",203.03,"203 km",8324,138.73,2.31,"2 hours 19 mins","OK","OK",""
"97",20301,"Barwon - West",9545,44,441554091,38473,46260.2504976427,2,"Vic","Melbourne","Geelong West VIC 3218, Australia","Melbourne VIC, Australia",73.38,"73.4 km",3794,63.23,1.05,"1 hour 3 mins","OK","OK",""
"98",20302,"Geelong",94669,42,4630002383,39445,48907.27041587,2,"Vic","Melbourne","Geelong VIC 3220, Australia","Melbourne VIC, Australia",75.32,"75.3 km",4004,66.73,1.11,"1 hour 7 mins","OK","OK",""
"99",20303,"Surf Coast - Bellarine Peninsula",35670,46,1734186257,36856,48617.5008971124,2,"Vic","Melbourne","153/155 Newcombe St, Portarlington VIC 3223, Australia","Melbourne VIC, Australia",105.56,"106 km",5793,96.55,1.61,"1 hour 37 mins","OK","OK",""
"100",20401,"Upper Goulburn Valley",26890,47,1106567918,34705,41151.651840833,2,"Vic","Melbourne","Goulburn River, Victoria, Australia","Melbourne VIC, Australia",173.66,"174 km",7271,121.18,2.02,"2 hours 1 min","OK","OK",""
"101",20402,"Wangaratta - Benalla",25388,47,1021888767,34880,40250.8573735623,2,"Vic","Melbourne","57 Samaria Rd, Benalla VIC 3672, Australia","Melbourne VIC, Australia",214.15,"214 km",8430,140.5,2.34,"2 hours 21 mins","OK","OK",""
"102",20403,"Wodonga - Alpine",36621,45,1572390167,37522,42936.8440785342,2,"Vic","Melbourne","Wodonga VIC 3690, Australia","Melbourne VIC, Australia",320.69,"321 km",11942,199.03,3.32,"3 hours 19 mins","OK","OK",""
"103",20501,"Baw Baw",23819,45,1068916809,36963,44876.6450732608,2,"Vic","Melbourne","Baw Baw, VIC, Australia","Melbourne VIC, Australia",118.08,"118 km",5542,92.37,1.54,"1 hour 32 mins","OK","OK",""
"104",20502,"Gippsland - East",22433,49,871253827,31719,38838.0433736014,2,"Vic","Melbourne","East Gippsland, VIC, Australia","Melbourne VIC, Australia",357.37,"357 km",15183,253.05,4.22,"4 hours 13 mins","OK","OK",""
"105",20503,"Gippsland - South West",30768,47,1264527026,33103,41098.7722958918,2,"Vic","Melbourne","Gippsland, VIC, Australia","Melbourne VIC, Australia",323.24,"323 km",15541,259.02,4.32,"4 hours 19 mins","OK","OK",""
"106",20504,"Latrobe Valley",36917,42,1858046878,39818,50330.3864886096,2,"Vic","Melbourne","Latrobe Regional Airport, 75 Airfield Rd, Morwell VIC 3840, Australia","Melbourne VIC, Australia",161.83,"162 km",6708,111.8,1.86,"1 hour 52 mins","OK","OK",""
"107",20505,"Wellington",21882,46,1007866111,36290,46059.1404350608,2,"Vic","Melbourne","Wellington, VIC, Australia","Melbourne VIC, Australia",222.09,"222 km",9433,157.22,2.62,"2 hours 37 mins","OK","OK",""
"108",20601,"Brunswick - Coburg",45488,36,2360667469,43362,51896.4885024622,2,"Vic","Melbourne","Brunswick St, Coburg VIC 3058, Australia","Melbourne VIC, Australia",11.82,"11.8 km",1292,21.53,0.36,"22 mins","OK","OK",""
"109",20602,"Darebin - South",27831,38,1632007555,46619,58639.9178973088,2,"Vic","Melbourne","Darebin, VIC, Australia","Melbourne VIC, Australia",12.44,"12.4 km",1965,32.75,0.55,"33 mins","OK","OK",""
"110",20603,"Essendon",35742,39,2256233206,48285,63125.5443455878,2,"Vic","Melbourne","Essendon VIC 3040, Australia","Melbourne VIC, Australia",12.15,"12.2 km",1319,21.98,0.37,"22 mins","OK","OK",""
"111",20604,"Melbourne City",54338,31,3658239454,44625,67323.7780926792,2,"Vic","Melbourne","Melbourne VIC 3004, Australia","Melbourne VIC, Australia",0,"2 m",1,0.02,0,"1 min","OK","OK",""
"112",20605,"Port Phillip",59485,36,4480023132,52862,75313.4930150458,2,"Vic","Melbourne","Port Phillip, VIC, Australia","Melbourne VIC, Australia",5.2,"5.2 km",925,15.42,0.26,"15 mins","OK","OK",""
"113",20606,"Stonnington - West",36566,37,3573411255,53796,97724.9700541487,2,"Vic","Melbourne","Stonnington, VIC, Australia","Melbourne VIC, Australia",14.92,"14.9 km",1388,23.13,0.39,"23 mins","OK","OK",""
"114",20607,"Yarra",46772,35,3122725561,50277,66764.849931583,2,"Vic","Melbourne","Yarra, VIC, Australia","Melbourne VIC, Australia",3.79,"3.8 km",836,13.93,0.23,"14 mins","OK","OK",""
"115",20701,"Boroondara",100523,44,8328365638,49346,82850.3490544453,2,"Vic","Melbourne","Boroondara, VIC, Australia","Melbourne VIC, Australia",11.16,"11.2 km",1616,26.93,0.45,"27 mins","OK","OK",""
"116",20702,"Manningham - West",51633,46,2792798460,38775,54089.4090988321,2,"Vic","Melbourne","Manningham, VIC, Australia","Melbourne VIC, Australia",23.66,"23.7 km",1947,32.45,0.54,"32 mins","OK","OK",""
"117",20703,"Whitehorse - West",53621,43,2912557734,39933,54317.482590776,2,"Vic","Melbourne","Whitehorse, VIC, Australia","Melbourne VIC, Australia",23.15,"23.2 km",1922,32.03,0.53,"32 mins","OK","OK",""
"118",20801,"Bayside",56238,47,4773861633,49637,84886.7604288915,2,"Vic","Melbourne","Bayside, VIC, Australia","Melbourne VIC, Australia",16.81,"16.8 km",1901,31.68,0.53,"32 mins","OK","OK",""
"119",20802,"Glen Eira",82197,41,4988621480,44482,60691.040792243,2,"Vic","Melbourne","Glen Eira, VIC, Australia","Melbourne VIC, Australia",16.35,"16.4 km",1886,31.43,0.52,"31 mins","OK","OK",""
"120",20803,"Kingston",63533,42,3378805588,43571,53181.8989816316,2,"Vic","Melbourne","Kingston VIC 3364, Australia","Melbourne VIC, Australia",129.16,"129 km",5624,93.73,1.56,"1 hour 34 mins","OK","OK",""
"121",20804,"Stonnington - East",24655,42,2153694394,50000,87353.2506185358,2,"Vic","Melbourne","Stonnington, VIC, Australia","Melbourne VIC, Australia",14.92,"14.9 km",1388,23.13,0.39,"23 mins","OK","OK",""
"122",20901,"Banyule",68775,42,3847501843,44071,55943.3201454017,2,"Vic","Melbourne","Banyule, VIC, Australia","Melbourne VIC, Australia",17.81,"17.8 km",1856,30.93,0.52,"31 mins","OK","OK",""
"123",20902,"Darebin - North",44063,38,1991502650,38652,45196.7103919388,2,"Vic","Melbourne","Darebin, VIC, Australia","Melbourne VIC, Australia",12.44,"12.4 km",1965,32.75,0.55,"33 mins","OK","OK",""
"124",20903,"Nillumbik - Kinglake",39536,44,2311673645,44781,58470.094217928,2,"Vic","Melbourne","Kinglake VIC 3763, Australia","Melbourne VIC, Australia",59.08,"59.1 km",4500,75,1.25,"1 hour 15 mins","OK","OK",""
"125",20904,"Whittlesea - Wallan",87326,39,3968618607,40813,45446.0138675767,2,"Vic","Melbourne","Wallan VIC 3756, Australia","Melbourne VIC, Australia",63.52,"63.5 km",3275,54.58,0.91,"55 mins","OK","OK",""
"126",21001,"Keilor",31478,43,1651343220,42957,52460.233178728,2,"Vic","Melbourne","Keilor VIC 3036, Australia","Melbourne VIC, Australia",20.71,"20.7 km",1432,23.87,0.4,"24 mins","OK","OK",""
"127",21002,"Macedon Ranges",15508,45,845430394,42928,54515.7592210472,2,"Vic","Melbourne","Macedon Ranges, VIC, Australia","Melbourne VIC, Australia",68.7,"68.7 km",3725,62.08,1.03,"1 hour 2 mins","OK","OK",""
"128",21003,"Moreland - North",32871,38,1488199370,39175,45273.9305162605,2,"Vic","Melbourne","Moreland, VIC, Australia","Melbourne VIC, Australia",13.31,"13.3 km",1431,23.85,0.4,"24 mins","OK","OK",""
"129",21004,"Sunbury",21314,41,1068787429,43886,50144.8545087736,2,"Vic","Melbourne","Sunbury VIC 3429, Australia","Melbourne VIC, Australia",40.97,"41.0 km",2350,39.17,0.65,"39 mins","OK","OK",""
"130",21005,"Tullamarine - Broadmeadows",61237,39,2659516517,38807,43429.8956023319,2,"Vic","Melbourne","Broadmeadows VIC 3047, Australia","Melbourne VIC, Australia",17.88,"17.9 km",1612,26.87,0.45,"27 mins","OK","OK",""
"131",21101,"Knox",88374,42,4281335414,41572,48445.6448050332,2,"Vic","Melbourne","Knox, VIC, Australia","Melbourne VIC, Australia",41.53,"41.5 km",2398,39.97,0.67,"40 mins","OK","OK",""
"132",21102,"Manningham - East",16161,46,1086874071,44121,67252.8971598292,2,"Vic","Melbourne","Manningham, VIC, Australia","Melbourne VIC, Australia",23.66,"23.7 km",1947,32.45,0.54,"32 mins","OK","OK",""
"133",21103,"Maroondah",59796,42,2942300568,41719,49205.6419827413,2,"Vic","Melbourne","Maroondah, VIC, Australia","Melbourne VIC, Australia",30.15,"30.1 km",2110,35.17,0.59,"35 mins","OK","OK",""
"134",21104,"Whitehorse - East",33756,43,1705603861,41299,50527.4280424221,2,"Vic","Melbourne","Whitehorse, VIC, Australia","Melbourne VIC, Australia",23.15,"23.2 km",1922,32.03,0.53,"32 mins","OK","OK",""
"135",21105,"Yarra Ranges",83248,43,3914880477,39329,47026.7210863925,2,"Vic","Melbourne","Yarra Ranges, VIC, Australia","Melbourne VIC, Australia",76.74,"76.7 km",5121,85.35,1.42,"1 hour 25 mins","OK","OK",""
"136",21201,"Cardinia",40655,40,1915470336,40606,47115.2462427746,2,"Vic","Melbourne","Cardinia, VIC, Australia","Melbourne VIC, Australia",75.13,"75.1 km",4047,67.45,1.12,"1 hour 7 mins","OK","OK",""
"137",21202,"Casey - North",66811,41,3215253868,40843,48124.6182215503,2,"Vic","Melbourne","Casey, VIC, Australia","Melbourne VIC, Australia",52.4,"52.4 km",2994,49.9,0.83,"50 mins","OK","OK",""
"138",21203,"Casey - South",67443,39,3047105046,41446,45180.449357235,2,"Vic","Melbourne","Casey, VIC, Australia","Melbourne VIC, Australia",52.4,"52.4 km",2994,49.9,0.83,"50 mins","OK","OK",""
"139",21204,"Dandenong",83967,39,3342747408,35691,39810.2517417557,2,"Vic","Melbourne","Dandenong VIC 3175, Australia","Melbourne VIC, Australia",36.37,"36.4 km",2229,37.15,0.62,"37 mins","OK","OK",""
"140",21205,"Monash",93241,43,4630482804,38253,49661.4451153463,2,"Vic","Melbourne","Monash, VIC, Australia","Melbourne VIC, Australia",24.18,"24.2 km",1770,29.5,0.49,"30 mins","OK","OK",""
"141",21301,"Brimbank",85582,38,3593881724,38038,41993.4299735926,2,"Vic","Melbourne","Brimbank, VIC, Australia","Melbourne VIC, Australia",24.12,"24.1 km",1760,29.33,0.49,"29 mins","OK","OK",""
"142",21302,"Hobsons Bay",43557,41,2400449797,45187,55110.5401428014,2,"Vic","Melbourne","Hobsons Bay, VIC, Australia","Melbourne VIC, Australia",15.04,"15.0 km",1450,24.17,0.4,"24 mins","OK","OK",""
"143",21303,"Maribyrnong",38673,36,1939891742,42387,50161.3979262017,2,"Vic","Melbourne","Maribyrnong VIC 3032, Australia","Melbourne VIC, Australia",10.94,"10.9 km",1416,23.6,0.39,"24 mins","OK","OK",""
"144",21304,"Melton - Bacchus Marsh",64588,38,3087741225,43374,47806.7322877315,2,"Vic","Melbourne","Bacchus Marsh VIC 3340, Australia","Melbourne VIC, Australia",58.42,"58.4 km",3068,51.13,0.85,"51 mins","OK","OK",""
"145",21305,"Wyndham",88170,37,4334288647,44205,49158.3151525462,2,"Vic","Melbourne","Wyndham, VIC, Australia","Melbourne VIC, Australia",36.01,"36.0 km",2281,38.02,0.63,"38 mins","OK","OK",""
"146",21401,"Frankston",68823,41,3153072276,40235,45814.2230940238,2,"Vic","Melbourne","Frankston VIC 3199, Australia","Melbourne VIC, Australia",57.18,"57.2 km",2937,48.95,0.82,"49 mins","OK","OK",""
"147",21402,"Mornington Peninsula",80820,46,3968932132,36827,49108.2916604801,2,"Vic","Melbourne","Mornington Peninsula, VIC, Australia","Melbourne VIC, Australia",73.81,"73.8 km",3894,64.9,1.08,"1 hour 5 mins","OK","OK",""
"148",21501,"Grampians",32615,47,1392972429,35972,42709.5639736318,2,"Vic","Melbourne","Grampians National Park, Victoria, Australia","Melbourne VIC, Australia",272.8,"273 km",11176,186.27,3.1,"3 hours 6 mins","OK","OK",""
"149",21502,"Mildura",24461,43,969454484,34474,39632.659498794,2,"Vic","Melbourne","Mildura VIC 3500, Australia","Melbourne VIC, Australia",541.99,"542 km",21046,350.77,5.85,"5 hours 51 mins","OK","OK",""
"150",21503,"Murray River - Swan Hill",20682,46,801288623,32462,38743.2851271637,2,"Vic","Melbourne","Swan Hill VIC 3585, Australia","Melbourne VIC, Australia",338.97,"339 km",13394,223.23,3.72,"3 hours 43 mins","OK","OK",""
"151",21601,"Campaspe",19865,45,765146305,33419,38517.307072741,2,"Vic","Melbourne","Campaspe, VIC, Australia","Melbourne VIC, Australia",203.51,"204 km",8868,147.8,2.46,"2 hours 28 mins","OK","OK",""
"152",21602,"Moira",14674,46,546794479,31731,37262.8103448276,2,"Vic","Melbourne","Moira, VIC, Australia","Melbourne VIC, Australia",245.58,"246 km",10007,166.78,2.78,"2 hours 47 mins","OK","OK",""
"153",21603,"Shepparton",33206,43,1368166142,35447,41202.3773414443,2,"Vic","Melbourne","Shepparton VIC 3630, Australia","Melbourne VIC, Australia",190.38,"190 km",7731,128.85,2.15,"2 hours 9 mins","OK","OK",""
"154",21701,"Glenelg - Southern Grampians",20410,46,908761896,36904,44525.3256246938,2,"Vic","Melbourne","Glenelg River, Rocklands VIC 3401, Australia","Melbourne VIC, Australia",355.86,"356 km",14749,245.82,4.1,"4 hours 6 mins","OK","OK",""
"155",21703,"Colac - Corangamite",21253,46,853619252,34495,40164.6474380088,2,"Vic","Melbourne","Colac VIC 3250, Australia","Melbourne VIC, Australia",152.57,"153 km",6869,114.48,1.91,"1 hour 54 mins","OK","OK",""
"156",21704,"Warrnambool",27777,44,1243282739,37561,44759.4318680923,2,"Vic","Melbourne","Warrnambool VIC 3280, Australia","Melbourne VIC, Australia",256.95,"257 km",10852,180.87,3.01,"3 hours 1 min","OK","OK",""
"157",30101,"Capalaba",41307,42,2153211088,43181,52127.0266056601,3,"Qld","Brisbane","Capalaba QLD 4157, Australia","Brisbane QLD, Australia",20.26,"20.3 km",1763,29.38,0.49,"29 mins","OK","OK",""
"158",30102,"Cleveland - Stradbroke",42388,45,2200950915,40351,51923.9151410777,3,"Qld","Brisbane","3 Emmett Dr, Cleveland QLD 4163, Australia","Brisbane QLD, Australia",29.45,"29.4 km",2484,41.4,0.69,"41 mins","OK","OK",""
"159",30103,"Wynnum - Manly",37119,41,2014661643,45472,54275.752121555,3,"Qld","Brisbane","Manly QLD 4179, Australia","Brisbane QLD, Australia",21.29,"21.3 km",2062,34.37,0.57,"34 mins","OK","OK",""
"160",30201,"Bald Hills - Everton Park",23461,43,1318957380,45102,56219.1458164614,3,"Qld","Brisbane","Everton Park QLD 4053, Australia","Brisbane QLD, Australia",10.77,"10.8 km",1235,20.58,0.34,"21 mins","OK","OK",""
"161",30202,"Chermside",38624,40,2069034946,44698,53568.6346830986,3,"Qld","Brisbane","Chermside QLD 4032, Australia","Brisbane QLD, Australia",12.81,"12.8 km",1093,18.22,0.3,"18 mins","OK","OK",""
"162",30203,"Nundah",20878,38,1061993318,44635,50866.621228087,3,"Qld","Brisbane","Nundah QLD 4012, Australia","Brisbane QLD, Australia",12.94,"12.9 km",1025,17.08,0.28,"17 mins","OK","OK",""
"163",30204,"Sandgate",29670,41,1448609648,43489,48824.0528479946,3,"Qld","Brisbane","Sandgate QLD 4017, Australia","Brisbane QLD, Australia",23.41,"23.4 km",1966,32.77,0.55,"33 mins","OK","OK",""
"164",30301,"Carindale",28555,40,1695828302,46640,59388.1387497811,3,"Qld","Brisbane","Carindale QLD 4152, Australia","Brisbane QLD, Australia",12.74,"12.7 km",1226,20.43,0.34,"20 mins","OK","OK",""
"165",30302,"Holland Park - Yeronga",40335,36,2364674022,45647,58625.8589810338,3,"Qld","Brisbane","Yeronga QLD 4104, Australia","Brisbane QLD, Australia",7.94,"7.9 km",784,13.07,0.22,"13 mins","OK","OK",""
"166",30303,"Mt Gravatt",38642,40,1889209802,39610,48890.0626779152,3,"Qld","Brisbane","Mount Gravatt QLD 4122, Australia","Brisbane QLD, Australia",10.14,"10.1 km",815,13.58,0.23,"14 mins","OK","OK",""
"167",30304,"Nathan",21214,39,1078171079,41274,50823.5636372207,3,"Qld","Brisbane","Nathan QLD 4111, Australia","Brisbane QLD, Australia",12.9,"12.9 km",926,15.43,0.26,"15 mins","OK","OK",""
"168",30305,"Rocklea - Acacia Ridge",30686,38,1455696729,41466,47438.4647396207,3,"Qld","Brisbane","Acacia Ridge QLD 4110, Australia","Brisbane QLD, Australia",16.37,"16.4 km",1418,23.63,0.39,"24 mins","OK","OK",""
"169",30306,"Sunnybank",26833,39,1176302482,35031,43837.9041478776,3,"Qld","Brisbane","Sunnybank QLD 4109, Australia","Brisbane QLD, Australia",14.22,"14.2 km",1038,17.3,0.29,"17 mins","OK","OK",""
"170",30401,"Centenary",19843,43,1179858045,47005,59459.6605855969,3,"Qld","Brisbane","Centenary Bridge, Brisbane QLD, Australia","Brisbane QLD, Australia",12.63,"12.6 km",1062,17.7,0.3,"18 mins","OK","OK",""
"171",30402,"Kenmore - Brookfield - Moggill",26693,45,1961767985,47131,73493.7243846701,3,"Qld","Brisbane","Kenmore QLD 4069, Australia","Brisbane QLD, Australia",14.27,"14.3 km",1276,21.27,0.35,"21 mins","OK","OK",""
"172",30403,"Sherwood - Indooroopilly",27667,38,1938602081,44271,70069.1105287888,3,"Qld","Brisbane","Sherwood QLD 4075, Australia","Brisbane QLD, Australia",11.46,"11.5 km",1315,21.92,0.37,"22 mins","OK","OK",""
"173",30404,"The Gap - Enoggera",28378,41,1625540754,46759,57281.7236591726,3,"Qld","Brisbane","Enoggera QLD 4051, Australia","Brisbane QLD, Australia",9.08,"9.1 km",1111,18.52,0.31,"19 mins","OK","OK",""
"174",30501,"Brisbane Inner",40414,32,2495046261,41026,61737.1767456822,3,"Qld","Brisbane","201 Leichhardt St, Spring Hill QLD 4000, Australia","Brisbane QLD, Australia",1.59,"1.6 km",460,7.67,0.13,"8 mins","OK","OK",""
"175",30502,"Brisbane Inner - East",23832,36,1645595717,50373,69049.837067808,3,"Qld","Brisbane","East Brisbane QLD 4169, Australia","Brisbane QLD, Australia",4.76,"4.8 km",613,10.22,0.17,"10 mins","OK","OK",""
"176",30503,"Brisbane Inner - North",47469,37,3562214343,50438,75042.9615749226,3,"Qld","Brisbane","2/41 Sherwood Rd, Toowong QLD 4066, Australia","Brisbane QLD, Australia",4.8,"4.8 km",639,10.65,0.18,"11 mins","OK","OK",""
"177",30504,"Brisbane Inner - West",33745,36,2387115756,48758,70739.8357089939,3,"Qld","Brisbane","29 McDougall St, Milton QLD 4064, Australia","Brisbane QLD, Australia",2.46,"2.5 km",404,6.73,0.11,"7 mins","OK","OK",""
"178",30601,"Cairns - North",28042,42,1430136124,42036,50999.7904571714,3,"Qld","Brisbane","Cairns North QLD 4870, Australia","Brisbane QLD, Australia",1685.93,"1,686 km",68893,1148.22,19.14,"19 hours 8 mins","OK","OK",""
"179",30602,"Cairns - South",52510,39,2409252573,39218,45881.7858122262,3,"Qld","Brisbane","Cairns QLD, Australia","Brisbane QLD, Australia",1683.89,"1,684 km",68731,1145.52,19.09,"19 hours 6 mins","OK","OK",""
"180",30603,"Innisfail - Cassowary Coast",17529,45,680269688,33283,38808.2427976496,3,"Qld","Brisbane","Innisfail QLD 4860, Australia","Brisbane QLD, Australia",1596.31,"1,596 km",64515,1075.25,17.92,"17 hours 55 mins","OK","OK",""
"181",30604,"Port Douglas - Daintree",6506,42,248911381,32657,38258.7428527513,3,"Qld","Brisbane","The Port Heritage Resort, 8/40 Macrossan St, Port Douglas QLD 4877, Australia","Brisbane QLD, Australia",1749.15,"1,749 km",72299,1204.99,20.08,"20 hours 5 mins","OK","OK",""
"182",30605,"Tablelands (East) - Kuranda",20537,46,821121667,32493,39982.5518332765,3,"Qld","Brisbane","Kuranda QLD 4881, Australia","Brisbane QLD, Australia",1708.47,"1,708 km",70261,1171.02,19.52,"19 hours 31 mins","OK","OK",""
"183",30701,"Darling Downs (West) - Maranoa",23749,42,997465523,36116,42000.3167712325,3,"Qld","Brisbane","Maranoa, QLD, Australia","Brisbane QLD, Australia",573.07,"573 km",24300,405,6.75,"6 hours 45 mins","OK","OK",""
"184",30702,"Darling Downs - East",21708,44,854796676,34213,39377.0350101345,3,"Qld","Brisbane","Darling Downs, QLD, Australia","Brisbane QLD, Australia",277.58,"278 km",12486,208.1,3.47,"3 hours 28 mins","OK","OK",""
"185",30703,"Granite Belt",20532,45,705857379,29774,34378.4034190532,3,"Qld","Brisbane","Stanthorpe QLD 4380, Australia","Brisbane QLD, Australia",216.72,"217 km",9805,163.42,2.72,"2 hours 43 mins","OK","OK",""
"186",30801,"Central Highlands (Qld)",15871,38,991773685,50146,62489.6783441497,3,"Qld","Brisbane","Central Highlands, QLD, Australia","Brisbane QLD, Australia",804.98,"805 km",32853,547.55,9.13,"9 hours 8 mins","OK","OK",""
"187",30803,"Rockhampton",58151,41,2990631134,42635,51428.713762446,3,"Qld","Brisbane","Rockhampton City QLD 4700, Australia","Brisbane QLD, Australia",617.16,"617 km",25442,424.03,7.07,"7 hours 4 mins","OK","OK",""
"188",30804,"Biloela",8417,42,428556119,39997,50915.542235951,3,"Qld","Brisbane","Biloela QLD 4715, Australia","Brisbane QLD, Australia",561.29,"561 km",23032,383.87,6.4,"6 hours 24 mins","OK","OK",""
"189",30805,"Gladstone",31760,41,1899629649,49388,59812.0166561713,3,"Qld","Brisbane","Gladstone Central QLD 4680, Australia","Brisbane QLD, Australia",517.01,"517 km",21553,359.22,5.99,"5 hours 59 mins","OK","OK",""
"190",30901,"Broadbeach - Burleigh",35216,41,1662761538,36045,47216.081837801,3,"Qld","Brisbane","Broadbeach QLD 4218, Australia","Brisbane QLD, Australia",81.97,"82.0 km",3832,63.87,1.06,"1 hour 4 mins","OK","OK",""
"191",30902,"Coolangatta",28796,43,1261145721,35298,43795.8647381581,3,"Qld","Brisbane","Coolangatta QLD 4225, Australia","Brisbane QLD, Australia",103.02,"103 km",4238,70.63,1.18,"1 hour 11 mins","OK","OK",""
"192",30903,"Gold Coast - North",32705,43,1490560821,35872,45575.9309279927,3,"Qld","Brisbane","Gold Coast QLD, Australia","Brisbane QLD, Australia",79.31,"79.3 km",3603,60.05,1,"1 hour 0 mins","OK","OK",""
"193",30904,"Gold Coast Hinterland",9539,47,417861286,34606,43805.56515358,3,"Qld","Brisbane","Hinterland Dr, Mudgeeraba QLD 4213, Australia","Brisbane QLD, Australia",80.29,"80.3 km",3254,54.23,0.9,"54 mins","OK","OK",""
"194",30905,"Mudgeeraba - Tallebudgera",17488,42,812122969,36732,46438.8705969808,3,"Qld","Brisbane","Tallebudgera QLD 4228, Australia","Brisbane QLD, Australia",91.55,"91.5 km",3862,64.37,1.07,"1 hour 4 mins","OK","OK",""
"195",30906,"Nerang",35075,41,1531515732,37031,43664.0265716322,3,"Qld","Brisbane","Nerang QLD 4211, Australia","Brisbane QLD, Australia",72.12,"72.1 km",3140,52.33,0.87,"52 mins","OK","OK",""
"196",30907,"Ormeau - Oxenford",51653,40,2541621415,40160,49205.6882465684,3,"Qld","Brisbane","Oxenford QLD 4210, Australia","Brisbane QLD, Australia",59.75,"59.8 km",2441,40.68,0.68,"41 mins","OK","OK",""
"197",30908,"Robina",25169,41,1099878112,35945,43699.7144105844,3,"Qld","Brisbane","Robina QLD 4226, Australia","Brisbane QLD, Australia",81.54,"81.5 km",3412,56.87,0.95,"57 mins","OK","OK",""
"198",30909,"Southport",30154,40,1271395248,34652,42163.4027989653,3,"Qld","Brisbane","Southport QLD 4215, Australia","Brisbane QLD, Australia",74.03,"74.0 km",3275,54.58,0.91,"55 mins","OK","OK",""
"199",30910,"Surfers Paradise",21835,41,1176527684,34173,53882.6509732082,3,"Qld","Brisbane","Surfers Paradise QLD 4217, Australia","Brisbane QLD, Australia",76.36,"76.4 km",3595,59.92,1,"1 hour 0 mins","OK","OK",""
"200",31001,"Forest Lake - Oxley",30183,39,1345477466,40530,44577.327170924,3,"Qld","Brisbane","Oxley QLD 4075, Australia","Brisbane QLD, Australia",15.45,"15.5 km",1290,21.5,0.36,"22 mins","OK","OK",""
"201",31002,"Ipswich Hinterland",28449,44,1152801197,35979,40521.677282154,3,"Qld","Brisbane","Ipswich QLD 4305, Australia","Brisbane QLD, Australia",43.99,"44.0 km",2515,41.92,0.7,"42 mins","OK","OK",""
"202",31003,"Ipswich Inner",47881,40,2233661285,41992,46650.2638833775,3,"Qld","Brisbane","Ipswich QLD 4305, Australia","Brisbane QLD, Australia",43.99,"44.0 km",2515,41.92,0.7,"42 mins","OK","OK",""
"203",31004,"Springfield - Redbank",33987,36,1594351438,43373,46910.6257686763,3,"Qld","Brisbane","Springfield QLD 4300, Australia","Brisbane QLD, Australia",32.8,"32.8 km",2308,38.47,0.64,"38 mins","OK","OK",""
"204",31101,"Beaudesert",6017,44,239918904,35095,39873.5090576699,3,"Qld","Brisbane","Beaudesert QLD 4285, Australia","Brisbane QLD, Australia",80.24,"80.2 km",3742,62.37,1.04,"1 hour 2 mins","OK","OK",""
"205",31102,"Beenleigh",18772,39,790370550,38193,42103.6943319838,3,"Qld","Brisbane","Beenleigh QLD 4207, Australia","Brisbane QLD, Australia",34.38,"34.4 km",1668,27.8,0.46,"28 mins","OK","OK",""
"206",31103,"Browns Plains",37874,39,1650955452,40508,43590.7338015525,3,"Qld","Brisbane","Browns Plains QLD 4118, Australia","Brisbane QLD, Australia",30.64,"30.6 km",1805,30.08,0.5,"30 mins","OK","OK",""
"207",31104,"Jimboomba",20223,41,959326781,42405,47437.4119072343,3,"Qld","Brisbane","Jimboomba QLD 4280, Australia","Brisbane QLD, Australia",50.83,"50.8 km",2691,44.85,0.75,"45 mins","OK","OK",""
"208",31105,"Loganlea - Carbrook",30147,40,1392867450,40886,46202.5226390686,3,"Qld","Brisbane","Loganlea QLD 4131, Australia","Brisbane QLD, Australia",28.99,"29.0 km",1600,26.67,0.44,"27 mins","OK","OK",""
"209",31106,"Springwood - Kingston",38079,39,1673085371,39536,43937.2192284461,3,"Qld","Brisbane","Springwood QLD 4127, Australia","Brisbane QLD, Australia",21.22,"21.2 km",1237,20.62,0.34,"21 mins","OK","OK",""
"210",31201,"Bowen Basin - North",18710,39,1218395958,48460,65120.0405130946,3,"Qld","Brisbane","Bowen QLD 4805, Australia","Brisbane QLD, Australia",1139.64,"1,140 km",45989,766.48,12.77,"12 hours 46 mins","OK","OK",""
"211",31202,"Mackay",65723,41,3936070521,48479,59888.783546095,3,"Qld","Brisbane","Mackay QLD 4740, Australia","Brisbane QLD, Australia",952.51,"953 km",38792,646.53,10.78,"10 hours 47 mins","OK","OK",""
"212",31203,"Whitsunday",11319,40,499906474,36546,44165.25081721,3,"Qld","Brisbane","Whitsunday Islands, Queensland, Australia","Brisbane QLD, Australia",NA,NA,NA,NA,NA,NA,"ZERO_RESULTS","OK",""
"213",31301,"Bribie - Beachmere",14528,49,577166409,31487,39727.8640556167,3,"Qld","Brisbane","Beachmere QLD 4510, Australia","Brisbane QLD, Australia",57.34,"57.3 km",3193,53.22,0.89,"53 mins","OK","OK",""
"214",31302,"Caboolture",29546,39,1188956316,36228,40240.8554795911,3,"Qld","Brisbane","Caboolture QLD 4510, Australia","Brisbane QLD, Australia",54.4,"54.4 km",2999,49.98,0.83,"50 mins","OK","OK",""
"215",31303,"Caboolture Hinterland",5543,45,216369350,33491,39034.701425221,3,"Qld","Brisbane","Caboolture QLD 4510, Australia","Brisbane QLD, Australia",54.4,"54.4 km",2999,49.98,0.83,"50 mins","OK","OK",""
"216",31304,"Narangba - Burpengary",30499,41,1374211860,39875,45057.6038558641,3,"Qld","Brisbane","Burpengary QLD 4505, Australia","Brisbane QLD, Australia",41.31,"41.3 km",2637,43.95,0.73,"44 mins","OK","OK",""
"217",31305,"Redcliffe",29624,44,1350886014,38805,45601.0671752633,3,"Qld","Brisbane","Redcliffe QLD 4020, Australia","Brisbane QLD, Australia",41.35,"41.3 km",2507,41.78,0.7,"42 mins","OK","OK",""
"218",31401,"The Hills District",48665,42,2741859378,45966,56341.505763896,3,"Qld","Brisbane","Arana Hills QLD 4054, Australia","Brisbane QLD, Australia",12.65,"12.6 km",1387,23.12,0.39,"23 mins","OK","OK",""
"219",31402,"North Lakes",28260,39,1400225601,43967,49547.968895966,3,"Qld","Brisbane","North Lakes QLD 4509, Australia","Brisbane QLD, Australia",31.06,"31.1 km",2182,36.37,0.61,"36 mins","OK","OK",""
"220",31403,"Strathpine",20150,39,910547272,41810,45188.4502233251,3,"Qld","Brisbane","Strathpine QLD 4500, Australia","Brisbane QLD, Australia",25.37,"25.4 km",2076,34.6,0.58,"35 mins","OK","OK",""
"221",31501,"Far North",10576,41,463382625,33265,43814.5447239032,3,"Qld","Brisbane","North Queensland, QLD, Australia","Brisbane QLD, Australia",1540.91,"1,541 km",60994,1016.57,16.94,"16 hours 57 mins","OK","OK",""
"222",31502,"Outback - North",16177,37,948263305,50708,58617.9949928911,3,"Qld","Brisbane","815 Zillmere Rd, Aspley QLD 4034, Australia","Brisbane QLD, Australia",16.79,"16.8 km",1518,25.3,0.42,"25 mins","OK","OK",""
"223",31503,"Outback - South",10677,43,471484009,38243,44158.8469607568,3,"Qld","Brisbane","815 Zillmere Rd, Aspley QLD 4034, Australia","Brisbane QLD, Australia",16.79,"16.8 km",1518,25.3,0.42,"25 mins","OK","OK",""
"224",31601,"Buderim",26459,44,1234846357,35673,46670.1824331985,3,"Qld","Brisbane","Buderim QLD 4556, Australia","Brisbane QLD, Australia",95.06,"95.1 km",4582,76.37,1.27,"1 hour 16 mins","OK","OK",""
"225",31602,"Caloundra",38833,45,1687175288,34320,43446.9468750805,3,"Qld","Brisbane","Caloundra QLD 4551, Australia","Brisbane QLD, Australia",94.48,"94.5 km",4629,77.15,1.29,"1 hour 17 mins","OK","OK",""
"226",31603,"Maroochy",30735,42,1307146961,34334,42529.590401822,3,"Qld","Brisbane","Maroochydore QLD 4558, Australia","Brisbane QLD, Australia",104.54,"105 km",5214,86.9,1.45,"1 hour 27 mins","OK","OK",""
"227",31605,"Noosa",21084,47,895766906,31525,42485.6244545627,3,"Qld","Brisbane","Noosa, QLD, Australia","Brisbane QLD, Australia",149.49,"149 km",6774,112.9,1.88,"1 hour 53 mins","OK","OK",""
"228",31606,"Sunshine Coast Hinterland",25971,47,1051377718,31770,40482.7583843518,3,"Qld","Brisbane","Hinterland Dr, Little Mountain QLD 4551, Australia","Brisbane QLD, Australia",90.68,"90.7 km",4451,74.18,1.24,"1 hour 14 mins","OK","OK",""
"229",31607,"Nambour",20645,44,849934005,34427,41169,3,"Qld","Brisbane","Nambour QLD 4560, Australia","Brisbane QLD, Australia",106.95,"107 km",5017,83.62,1.39,"1 hour 24 mins","OK","OK",""
"230",31608,"Noosa Hinterland",11485,48,470375601,31201,40955.6465824989,3,"Qld","Brisbane","5 Ashdown Ct, Tinbeerwah QLD 4563, Australia","Brisbane QLD, Australia",130.41,"130 km",5914,98.57,1.64,"1 hour 39 mins","OK","OK",""
"231",31701,"Toowoomba",76823,42,3499799638,38668,45556.6645145334,3,"Qld","Brisbane","Toowoomba QLD, Australia","Brisbane QLD, Australia",125.01,"125 km",5891,98.18,1.64,"1 hour 38 mins","OK","OK",""
"232",31801,"Charters Towers - Ayr - Ingham",22207,45,998768419,38025,44975.3869950916,3,"Qld","Brisbane","Charters Towers QLD 4820, Australia","Brisbane QLD, Australia",1349.47,"1,349 km",52325,872.09,14.53,"14 hours 32 mins","OK","OK",""
"233",31802,"Townsville",99703,39,5304759335,46123,53205.6140236502,3,"Qld","Brisbane","Townsville City QLD 4810, Australia","Brisbane QLD, Australia",1337.35,"1,337 km",53910,898.5,14.98,"14 hours 59 mins","OK","OK",""
"234",31901,"Bundaberg",41964,44,1703633783,33413,40597.5069821752,3,"Qld","Brisbane","Bundaberg Central QLD 4670, Australia","Brisbane QLD, Australia",362.21,"362 km",15033,250.55,4.18,"4 hours 11 mins","OK","OK",""
"235",31902,"Burnett",22812,45,808558391,28907,35444.4323601613,3,"Qld","Brisbane","South Burnett, QLD, Australia","Brisbane QLD, Australia",253.9,"254 km",12064,201.07,3.35,"3 hours 21 mins","OK","OK",""
"236",31903,"Gympie - Cooloola",22214,46,816641485,30722,36762.4689385072,3,"Qld","Brisbane","Cooloola QLD 4580, Australia","Brisbane QLD, Australia",227.27,"227 km",9958,165.97,2.77,"2 hours 46 mins","OK","OK",""
"237",31904,"Hervey Bay",24079,46,939390926,31310,39012.871215582,3,"Qld","Brisbane","Hervey Bay QLD 4655, Australia","Brisbane QLD, Australia",288.5,"289 km",12191,203.18,3.39,"3 hours 23 mins","OK","OK",""
"238",31905,"Maryborough",19114,46,751300111,34059,39306.2734644763,3,"Qld","Brisbane","Maryborough QLD 4650, Australia","Brisbane QLD, Australia",258.84,"259 km",10889,181.48,3.02,"3 hours 1 min","OK","OK",""
"239",40101,"Adelaide City",12227,37,789699478,42335,64586.5280117772,4,"SA","Adelaide","Adelaide SA, Australia","Adelaide SA, Australia",0,"1 m",0,0,0,"1 min","OK","OK",""
"240",40102,"Adelaide Hills",40898,45,2181888060,41428,53349.5051102743,4,"SA","Adelaide","Adelaide Hills, SA, Australia","Adelaide SA, Australia",31.09,"31.1 km",2651,44.18,0.74,"44 mins","OK","OK",""
"241",40103,"Burnside",27381,49,2055188662,47878,75058.9336401154,4,"SA","Adelaide","Burnside SA 5066, Australia","Adelaide SA, Australia",7.34,"7.3 km",906,15.1,0.25,"15 mins","OK","OK",""
"242",40104,"Campbelltown (SA)",27188,43,1267016290,39285,46602.0409739591,4,"SA","Adelaide","Campbelltown SA 5074, Australia","Adelaide SA, Australia",8.83,"8.8 km",1100,18.33,0.31,"18 mins","OK","OK",""
"243",40105,"Norwood - Payneham - St Peters",20700,42,1244491023,43557,60120.3392753623,4,"SA","Adelaide","Norwood Payneham and St Peters, SA, Australia","Adelaide SA, Australia",4.63,"4.6 km",723,12.05,0.2,"12 mins","OK","OK",""
"244",40106,"Prospect - Walkerville",16169,42,1028751380,45693,63624.923000804,4,"SA","Adelaide","Walkerville SA 5081, Australia","Adelaide SA, Australia",5.2,"5.2 km",860,14.33,0.24,"14 mins","OK","OK",""
"245",40107,"Unley",22838,44,1593245268,48213,69762.9069095367,4,"SA","Adelaide","Unley SA 5061, Australia","Adelaide SA, Australia",2.56,"2.6 km",449,7.48,0.12,"7 mins","OK","OK",""
"246",40201,"Gawler - Two Wells",17230,43,783071105,40429,45448.1198491004,4,"SA","Adelaide","Gawler Rd, Two Wells SA 5501, Australia","Adelaide SA, Australia",40.48,"40.5 km",2674,44.57,0.74,"45 mins","OK","OK",""
"247",40202,"Playford",35457,39,1431390059,38090,40369.7452971205,4,"SA","Adelaide","Playford, SA, Australia","Adelaide SA, Australia",36.27,"36.3 km",2497,41.62,0.69,"42 mins","OK","OK",""
"248",40203,"Port Adelaide - East",30634,38,1322651595,39058,43175.9350721421,4,"SA","Adelaide","Port Adelaide SA 5015, Australia","Adelaide SA, Australia",14.09,"14.1 km",1674,27.9,0.47,"28 mins","OK","OK",""
"249",40204,"Salisbury",64752,39,2737391514,39518,42275.0110266864,4,"SA","Adelaide","Salisbury SA 5108, Australia","Adelaide SA, Australia",20.24,"20.2 km",1995,33.25,0.55,"33 mins","OK","OK",""
"250",40205,"Tea Tree Gully",54107,43,2546480931,42111,47063.7982331306,4,"SA","Adelaide","Tea Tree Gully SA 5091, Australia","Adelaide SA, Australia",18.01,"18.0 km",1775,29.58,0.49,"30 mins","OK","OK",""
"251",40301,"Holdfast Bay",20969,47,1233606173,43836,58829.9953741237,4,"SA","Adelaide","Holdfast Bay, SA, Australia","Adelaide SA, Australia",12.39,"12.4 km",1323,22.05,0.37,"22 mins","OK","OK",""
"252",40302,"Marion",47907,42,2186807415,40708,45646.9287369278,4,"SA","Adelaide","Marion SA 5043, Australia","Adelaide SA, Australia",10.83,"10.8 km",1230,20.5,0.34,"21 mins","OK","OK",""
"253",40303,"Mitcham",37773,46,2163929792,43533,57287.7397082572,4,"SA","Adelaide","Mitcham SA 5062, Australia","Adelaide SA, Australia",8.44,"8.4 km",987,16.45,0.27,"16 mins","OK","OK",""
"254",40304,"Onkaparinga",88740,42,3876356867,39346,43682.1824092856,4,"SA","Adelaide","Onkaparinga, SA, Australia","Adelaide SA, Australia",39.04,"39.0 km",2526,42.1,0.7,"42 mins","OK","OK",""
"255",40401,"Charles Sturt",55450,42,2664437705,40333,48051.1759242561,4,"SA","Adelaide","Charles Sturt, SA, Australia","Adelaide SA, Australia",10,"10.0 km",1216,20.27,0.34,"20 mins","OK","OK",""
"256",40402,"Port Adelaide - West",28454,41,1298262243,40635,45626.7042595066,4,"SA","Adelaide","Port Adelaide SA 5015, Australia","Adelaide SA, Australia",14.09,"14.1 km",1674,27.9,0.47,"28 mins","OK","OK",""
"257",40403,"West Torrens",33100,40,1553544189,40056,46934.8697583082,4,"SA","Adelaide","West Torrens, SA, Australia","Adelaide SA, Australia",5.86,"5.9 km",781,13.02,0.22,"13 mins","OK","OK",""
"258",40501,"Barossa",18750,45,853297706,39390,45509.2109866667,4,"SA","Adelaide","Barossa Valley, Tanunda SA 5352, Australia","Adelaide SA, Australia",71.39,"71.4 km",3825,63.75,1.06,"1 hour 4 mins","OK","OK",""
"259",40502,"Lower North",11678,47,516276429,36309,44209.3191471142,4,"SA","Adelaide","North Adelaide SA 5006, Australia","Adelaide SA, Australia",2.83,"2.8 km",551,9.18,0.15,"9 mins","OK","OK",""
"260",40503,"Mid North",12935,46,597088362,37528,46160.6773869347,4,"SA","Adelaide","445 Kentish Rd, Uleybury SA 5114, Australia","Adelaide SA, Australia",37.83,"37.8 km",2792,46.53,0.78,"47 mins","OK","OK",""
"261",40504,"Yorke Peninsula",11723,49,511849758,33840,43662.0112599164,4,"SA","Adelaide","Yorke Peninsula, SA, Australia","Adelaide SA, Australia",188.06,"188 km",8146,135.77,2.26,"2 hours 16 mins","OK","OK",""
"262",40601,"Eyre Peninsula and South West",29555,43,1525669155,40927,51621.3552698359,4,"SA","Adelaide","Eyre Peninsula, Cummins SA 5631, Australia","Adelaide SA, Australia",632.97,"633 km",24598,409.97,6.83,"6 hours 50 mins","OK","OK",""
"263",40602,"Outback - North and East",12795,41,686581634,45372,53660.1511527941,4,"SA","Adelaide","1/3 George St, North Strathfield NSW 2137, Australia","Adelaide SA, Australia",1361.68,"1,362 km",51140,852.34,14.21,"14 hours 12 mins","OK","OK",""
"264",40701,"Fleurieu - Kangaroo Island",24346,50,919329560,30848,37761.0104329253,4,"SA","Adelaide","Fleurieu Peninsula, Inman Valley SA 5211, Australia","Adelaide SA, Australia",84.08,"84.1 km",4964,82.73,1.38,"1 hour 23 mins","OK","OK",""
"265",40702,"Limestone Coast",36183,44,1556350589,37138,43013.309814001,4,"SA","Adelaide","Limestone Coast, SA, Australia","Adelaide SA, Australia",306.08,"306 km",14157,235.95,3.93,"3 hours 56 mins","OK","OK",""
"266",40703,"Murray and Mallee",34996,45,1338046891,33345,38234.2808035204,4,"SA","Adelaide","96-104 Swanport Rd, Murray Bridge SA 5253, Australia","Adelaide SA, Australia",78.16,"78.2 km",3583,59.72,1,"1 hour 0 mins","OK","OK",""
"267",50101,"Augusta - Margaret River - Busselton",26088,43,1191137235,35109,45658.4343376265,5,"WA","Perth","Foreshore Parade, Busselton WA 6280, Australia","Perth WA, Australia",224,"224 km",8988,149.8,2.5,"2 hours 30 mins","OK","OK",""
"268",50102,"Bunbury",53402,42,2972117079,43822,55655.5387251414,5,"WA","Perth","Bunbury WA 6230, Australia","Perth WA, Australia",169.44,"169 km",6895,114.92,1.92,"1 hour 55 mins","OK","OK",""
"269",50103,"Manjimup",12522,47,537752870,33963,42944.6470212426,5,"WA","Perth","Manjimup WA 6258, Australia","Perth WA, Australia",293.38,"293 km",11876,197.93,3.3,"3 hours 18 mins","OK","OK",""
"270",50201,"Mandurah",43739,45,2349979134,39226,53727.3173597933,5,"WA","Perth","Mandurah WA, Australia","Perth WA, Australia",71.3,"71.3 km",3222,53.7,0.9,"54 mins","OK","OK",""
"271",50301,"Cottesloe - Claremont",40653,47,4478239555,54231,110157.664993973,5,"WA","Perth","Claremont WA 6010, Australia","Perth WA, Australia",9.4,"9.4 km",1031,17.18,0.29,"17 mins","OK","OK",""
"272",50302,"Perth City",61945,36,4504728427,48560,72721.4210509323,5,"WA","Perth","Perth, WA, Australia","Perth WA, Australia",0.34,"0.3 km",154,2.57,0.04,"3 mins","OK","OK",""
"273",50401,"Bayswater - Bassendean",45427,39,2448951603,45045,53909.6044863187,5,"WA","Perth","Bassendean WA 6054, Australia","Perth WA, Australia",10.7,"10.7 km",1121,18.68,0.31,"19 mins","OK","OK",""
"274",50402,"Mundaring",23119,45,1290555565,44691,55822.2918378823,5,"WA","Perth","Mundaring WA 6073, Australia","Perth WA, Australia",35,"35.0 km",2477,41.28,0.69,"41 mins","OK","OK",""
"275",50403,"Swan",58084,40,3082050857,45068,53061.9595241375,5,"WA","Perth","Swan, WA, Australia","Perth WA, Australia",57.05,"57.0 km",4046,67.43,1.12,"1 hour 7 mins","OK","OK",""
"276",50501,"Joondalup",98101,43,5834073558,45609,59470.0722520667,5,"WA","Perth","Joondalup WA 6027, Australia","Perth WA, Australia",26.65,"26.7 km",1406,23.43,0.39,"23 mins","OK","OK",""
"277",50502,"Stirling",107217,40,6407804711,45664,59764.820047194,5,"WA","Perth","Stirling WA 6021, Australia","Perth WA, Australia",10.28,"10.3 km",728,12.13,0.2,"12 mins","OK","OK",""
"278",50503,"Wanneroo",83637,39,4380648928,44274,52376.9256190442,5,"WA","Perth","Wanneroo WA 6065, Australia","Perth WA, Australia",31.12,"31.1 km",1707,28.45,0.47,"28 mins","OK","OK",""
"279",50601,"Armadale",34346,40,1794372483,44647,52244.0017178128,5,"WA","Perth","Armadale WA 6112, Australia","Perth WA, Australia",37.96,"38.0 km",2385,39.75,0.66,"40 mins","OK","OK",""
"280",50602,"Belmont - Victoria Park",38577,36,2139961372,45861,55472.4673250901,5,"WA","Perth","Victoria Park WA 6100, Australia","Perth WA, Australia",5.71,"5.7 km",878,14.63,0.24,"15 mins","OK","OK",""
"281",50603,"Canning",52432,40,2786616279,41855,53147.2436489167,5,"WA","Perth","Canning, WA, Australia","Perth WA, Australia",19.48,"19.5 km",1479,24.65,0.41,"25 mins","OK","OK",""
"282",50604,"Gosnells",59584,39,2983839500,43804,50077.8648630505,5,"WA","Perth","Gosnells WA 6110, Australia","Perth WA, Australia",24.72,"24.7 km",1963,32.72,0.55,"33 mins","OK","OK",""
"283",50605,"Kalamunda",32622,43,1864321296,46128,57149.2028692294,5,"WA","Perth","Kalamunda WA 6076, Australia","Perth WA, Australia",28.11,"28.1 km",1955,32.58,0.54,"33 mins","OK","OK",""
"284",50606,"Serpentine - Jarrahdale",10145,41,572699770,46561,56451.4312469197,5,"WA","Perth","Serpentine-Jarrahdale, WA, Australia","Perth WA, Australia",62.77,"62.8 km",2988,49.8,0.83,"50 mins","OK","OK",""
"285",50607,"South Perth",25703,40,1829542445,49354,71180.1130218262,5,"WA","Perth","South Perth, WA, Australia","Perth WA, Australia",11.48,"11.5 km",985,16.42,0.27,"16 mins","OK","OK",""
"286",50701,"Cockburn",51345,39,2896056942,47191,56403.8746129127,5,"WA","Perth","Cockburn, WA, Australia","Perth WA, Australia",NA,NA,NA,NA,NA,NA,"ZERO_RESULTS","OK",""
"287",50702,"Fremantle",21073,43,1403278397,46701,66591.2967778674,5,"WA","Perth","Fremantle WA 6160, Australia","Perth WA, Australia",23.71,"23.7 km",1900,31.67,0.53,"32 mins","OK","OK",""
"288",50703,"Kwinana",14837,37,771986760,45768,52031.1895935836,5,"WA","Perth","Kwinana, WA, Australia","Perth WA, Australia",36.82,"36.8 km",1963,32.72,0.55,"33 mins","OK","OK",""
"289",50704,"Melville",63366,45,4249807267,45734,67067.6272291134,5,"WA","Perth","Melville WA 6156, Australia","Perth WA, Australia",15.41,"15.4 km",1356,22.6,0.38,"23 mins","OK","OK",""
"290",50705,"Rockingham",56479,40,3165986293,46095,56055.9905982755,5,"WA","Perth","Rockingham WA 6168, Australia","Perth WA, Australia",48.35,"48.4 km",2630,43.83,0.73,"44 mins","OK","OK",""
"291",50901,"Albany",32116,46,1356437659,34511,42235.5728920164,5,"WA","Perth","Albany WA 6330, Australia","Perth WA, Australia",414.43,"414 km",16470,274.5,4.58,"4 hours 35 mins","OK","OK",""
"292",50902,"Wheat Belt - North",29297,46,1370583467,37343,46782.3827354337,5,"WA","Perth","Western Australia, Australia","Perth WA, Australia",1038.58,"1,039 km",50693,844.89,14.08,"14 hours 5 mins","OK","OK",""
"293",50903,"Wheat Belt - South",11691,46,497277406,35241,42535.0616713711,5,"WA","Perth","Mitchell St & Queen St, Merredin WA 6415, Australia","Perth WA, Australia",260.7,"261 km",10929,182.15,3.04,"3 hours 2 mins","OK","OK",""
"294",51001,"Kimberley",14108,38,760435672,45723,53901.025800964,5,"WA","Perth","Kimberley, WA, Australia","Perth WA, Australia",2694.16,"2,694 km",133209,2220.15,37,"1 day 13 hours","OK","OK",""
"295",51002,"East Pilbara",10593,35,840265416,69071,79322.7051826678,5,"WA","Perth","East Pilbara, WA, Australia","Perth WA, Australia",NA,NA,NA,NA,NA,NA,"ZERO_RESULTS","OK",""
"296",51003,"West Pilbara",14488,37,1205004692,73360,83172.6043622308,5,"WA","Perth","Pilbara, WA, Australia","Perth WA, Australia",NA,NA,NA,NA,NA,NA,"ZERO_RESULTS","OK",""
"297",51101,"Esperance",9043,44,452264611,38665,50012.6740019905,5,"WA","Perth","Esperance WA 6450, Australia","Perth WA, Australia",714.14,"714 km",26973,449.55,7.49,"7 hours 30 mins","OK","OK",""
"298",51102,"Gascoyne",4943,41,245130538,39967,49591.4501314991,5,"WA","Perth","Gascoyne, WA, Australia","Perth WA, Australia",1124.45,"1,124 km",53519,891.99,14.87,"14 hours 52 mins","OK","OK",""
"299",51103,"Goldfields",21224,37,1386084395,55299,65307.4064738032,5,"WA","Perth","Goldfields Rd, Western Australia, Australia","Perth WA, Australia",199.68,"200 km",8659,144.32,2.41,"2 hours 24 mins","OK","OK",""
"300",51104,"Mid West",28346,43,1518926530,42344,53585.2159034784,5,"WA","Perth","66 Great Eastern Hwy, West Kalgoorlie WA 6430, Australia","Perth WA, Australia",588.18,"588 km",22825,380.42,6.34,"6 hours 20 mins","OK","OK",""
"301",60101,"Brighton",7374,40,313354945,38102,42494.5680770274,6,"Tas","Hobart","Brighton TAS 7030, Australia","Hobart TAS 7000, Australia",25.52,"25.5 km",1617,26.95,0.45,"27 mins","OK","OK",""
"302",60102,"Hobart - North East",27599,45,1318864582,40810,47786.6800246386,6,"Tas","Hobart","North Hobart TAS 7000, Australia","Hobart TAS 7000, Australia",1.56,"1.6 km",301,5.02,0.08,"5 mins","OK","OK",""
"303",60103,"Hobart - North West",25406,41,1048543679,38284,41271.498031961,6,"Tas","Hobart","Hobart TAS 7000, Australia","Hobart TAS 7000, Australia",0,"1 m",0,0,0,"1 min","OK","OK",""
"304",60104,"Hobart - South and West",18019,44,862760892,40740,47880.6200122093,6,"Tas","Hobart","South Hobart TAS 7004, Australia","Hobart TAS 7000, Australia",2.37,"2.4 km",411,6.85,0.11,"7 mins","OK","OK",""
"305",60105,"Hobart Inner",30612,43,1727013964,42053,56416.2408205932,6,"Tas","Hobart","Hobart TAS 7000, Australia","Hobart TAS 7000, Australia",0,"1 m",0,0,0,"1 min","OK","OK",""
"306",60106,"Sorell - Dodges Ferry",8046,44,336784969,37679,41857.440840169,6,"Tas","Hobart","Dodges Ferry TAS 7173, Australia","Hobart TAS 7000, Australia",37.92,"37.9 km",2132,35.53,0.59,"36 mins","OK","OK",""
"307",60201,"Launceston",42316,42,1916433005,38333,45288.6143539087,6,"Tas","Hobart","Launceston TAS 7250, Australia","Hobart TAS 7000, Australia",199.8,"200 km",8709,145.15,2.42,"2 hours 25 mins","OK","OK",""
"308",60202,"Meander Valley - West Tamar",11813,46,474861566,34450,40198.2194192838,6,"Tas","Hobart","Meander Valley, TAS, Australia","Hobart TAS 7000, Australia",190.56,"191 km",9030,150.5,2.51,"2 hours 31 mins","OK","OK",""
"309",60203,"North East",18588,46,756274719,34698,40686.1802775984,6,"Tas","Hobart","Tasmania, Australia","Hobart TAS 7000, Australia",345.3,"345 km",15921,265.35,4.42,"4 hours 25 mins","OK","OK",""
"310",60301,"Central Highlands (Tas.)",5672,45,223604916,34975,39422.5874471086,6,"Tas","Hobart","Central Highlands, TAS, Australia","Hobart TAS 7000, Australia",102.2,"102 km",5023,83.72,1.4,"1 hour 24 mins","OK","OK",""
"311",60302,"Huon - Bruny Island",9473,46,361744124,32488,38186.8599176607,6,"Tas","Hobart","Bruny Island, Tasmania, Australia","Hobart TAS 7000, Australia",83.51,"83.5 km",6449,107.48,1.79,"1 hour 47 mins","OK","OK",""
"312",60303,"South East Coast",3418,51,121854039,28110,35650.6843183148,6,"Tas","Hobart","West Coast TAS 7321, Australia","Hobart TAS 7000, Australia",417.2,"417 km",18564,309.4,5.16,"5 hours 9 mins","OK","OK",""
"313",60401,"Burnie - Ulverstone",24229,44,1043238203,36912,43057.4189194767,6,"Tas","Hobart","45A Leighlands Ave, Ulverstone TAS 7315, Australia","Hobart TAS 7000, Australia",295.95,"296 km",12098,201.63,3.36,"3 hours 22 mins","OK","OK",""
"314",60402,"Devonport",22558,44,938768450,35998,41615.7660253569,6,"Tas","Hobart","Devonport TAS 7310, Australia","Hobart TAS 7000, Australia",281.52,"282 km",11643,194.05,3.23,"3 hours 14 mins","OK","OK",""
"315",60403,"West Coast",9715,44,427043369,38240,43957.1146680391,6,"Tas","Hobart","West Coast, TAS, Australia","Hobart TAS 7000, Australia",310.67,"311 km",18825,313.75,5.23,"5 hours 14 mins","OK","OK",""
"316",70101,"Darwin City",17864,35,1067025002,49335,59730.4636139722,7,"NT","Darwin","Darwin City NT 0800, Australia","Darwin NT, Australia",0,"1 m",0,0,0,"1 min","OK","OK",""
"317",70102,"Darwin Suburbs",30009,39,1691888598,49958,56379.3727881635,7,"NT","Darwin","Darwin NT, Australia","Darwin NT, Australia",0,"1 m",0,0,0,"1 min","OK","OK",""
"318",70103,"Litchfield",9259,43,522792446,50365,56463.1651366238,7,"NT","Darwin","Litchfield, NT, Australia","Darwin NT, Australia",44.32,"44.3 km",2255,37.58,0.63,"38 mins","OK","OK",""
"319",70104,"Palmerston",16666,35,929280934,52286,55759.0864034561,7,"NT","Darwin","Palmerston City NT 0830, Australia","Darwin NT, Australia",20.1,"20.1 km",1096,18.27,0.3,"18 mins","OK","OK",""
"320",70201,"Alice Springs",17658,39,914621463,46027,51796.4357798165,7,"NT","Darwin","Alice Springs NT 0870, Australia","Darwin NT, Australia",1496.53,"1,497 km",59052,984.2,16.4,"16 hours 24 mins","OK","OK",""
"321",70202,"Barkly",1586,41,73293871,43069,46213.0334174023,7,"NT","Darwin","Barkly, NT, Australia","Darwin NT, Australia",NA,NA,NA,NA,NA,NA,"ZERO_RESULTS","OK",""
"322",70203,"Daly - Tiwi - West Arnhem",2820,41,126153860,35687,44735.4113475177,7,"NT","Darwin","West Arnhem NT 0822, Australia","Darwin NT, Australia",395.73,"396 km",26824,447.07,7.45,"7 hours 27 mins","OK","OK",""
"323",70204,"East Arnhem",3121,39,198825110,53190,63705.5783402756,7,"NT","Darwin","East Arnhem NT 0822, Australia","Darwin NT, Australia",1053.68,"1,054 km",104113,1735.22,28.92,"1 day 5 hours","OK","OK",""
"324",70205,"Katherine",5511,39,278749688,47237,50580.6002540374,7,"NT","Darwin","Katherine NT 0850, Australia","Darwin NT, Australia",317.48,"317 km",12173,202.88,3.38,"3 hours 23 mins","OK","OK",""
"325",80101,"Belconnen",57273,40,3297489729,51674,57574.9433240794,8,"ACT","Canberra","Belconnen, ACT, Australia","Canberra ACT 2601, Australia",16.32,"16.3 km",1060,17.67,0.29,"18 mins","OK","OK",""
"326",80103,"Canberra East",541,45,28752095,44415,53146.2014787431,8,"ACT","Canberra","Canberra ACT 2601, Australia","Canberra ACT 2601, Australia",0,"1 m",0,0,0,"1 min","OK","OK",""
"327",80104,"Gungahlin",28764,37,1756588067,56514,61068.9774370741,8,"ACT","Canberra","Gungahlin ACT 2912, Australia","Canberra ACT 2601, Australia",13.16,"13.2 km",1297,21.62,0.36,"22 mins","OK","OK",""
"328",80105,"North Canberra",28756,37,1817668396,53295,63210.0568924746,8,"ACT","Canberra","Canberra ACT 2601, Australia","Canberra ACT 2601, Australia",0,"1 m",0,0,0,"1 min","OK","OK",""
"329",80106,"South Canberra",16820,44,1495057062,65317,88885.6755053508,8,"ACT","Canberra","Canberra ACT 2601, Australia","Canberra ACT 2601, Australia",0,"1 m",0,0,0,"1 min","OK","OK",""
"330",80107,"Tuggeranong",54594,42,3229272110,54003,59150.6779133238,8,"ACT","Canberra","Tuggeranong, ACT, Australia","Canberra ACT 2601, Australia",23.94,"23.9 km",1340,22.33,0.37,"22 mins","OK","OK",""
"331",80108,"Weston Creek",14378,45,911111423,54899,63368.4394908889,8,"ACT","Canberra","Weston Creek, Canberra ACT 2611, Australia","Canberra ACT 2601, Australia",15.27,"15.3 km",929,15.48,0.26,"15 mins","OK","OK",""
"332",80109,"Woden Valley",21408,45,1475187077,55539,68908.2154801943,8,"ACT","Canberra","Woden Valley, ACT, Australia","Canberra ACT 2601, Australia",11.41,"11.4 km",848,14.13,0.24,"14 mins","OK","OK",""
"333",80111,"Urriarra - Namadgi",286,40,16206875,50845,56667.3951048951,8,"ACT","Canberra","Uriarra Village ACT 2611, Australia","Canberra ACT 2601, Australia",30.3,"30.3 km",1929,32.15,0.54,"32 mins","OK","OK",""
